-- MySQL dump 10.13  Distrib 5.6.24, for osx10.8 (x86_64)
--
-- Host: 127.0.0.1    Database: harvest
-- ------------------------------------------------------
-- Server version	5.7.9

/*!40101 SET @OLD_CHARACTER_SET_CLIENT=@@CHARACTER_SET_CLIENT */;
/*!40101 SET @OLD_CHARACTER_SET_RESULTS=@@CHARACTER_SET_RESULTS */;
/*!40101 SET @OLD_COLLATION_CONNECTION=@@COLLATION_CONNECTION */;
/*!40101 SET NAMES utf8 */;
/*!40103 SET @OLD_TIME_ZONE=@@TIME_ZONE */;
/*!40103 SET TIME_ZONE='+00:00' */;
/*!40014 SET @OLD_UNIQUE_CHECKS=@@UNIQUE_CHECKS, UNIQUE_CHECKS=0 */;
/*!40014 SET @OLD_FOREIGN_KEY_CHECKS=@@FOREIGN_KEY_CHECKS, FOREIGN_KEY_CHECKS=0 */;
/*!40101 SET @OLD_SQL_MODE=@@SQL_MODE, SQL_MODE='NO_AUTO_VALUE_ON_ZERO' */;
/*!40111 SET @OLD_SQL_NOTES=@@SQL_NOTES, SQL_NOTES=0 */;

--
-- Table structure for table `feed`
--

DROP TABLE IF EXISTS `feed`;
/*!40101 SET @saved_cs_client     = @@character_set_client */;
/*!40101 SET character_set_client = utf8 */;
CREATE TABLE `feed` (
  `id` int(11) NOT NULL AUTO_INCREMENT,
  `rss_id` int(11) NOT NULL,
  `title` varchar(255) DEFAULT NULL,
  `url` varchar(255) NOT NULL,
  `category` varchar(45) DEFAULT NULL,
  `date` varchar(45) DEFAULT NULL,
  `create_time` datetime DEFAULT CURRENT_TIMESTAMP,
  `update_time` datetime DEFAULT NULL,
  PRIMARY KEY (`id`),
  UNIQUE KEY `url_UNIQUE` (`url`),
  KEY `rss_id_idx` (`rss_id`)
) ENGINE=InnoDB AUTO_INCREMENT=7191 DEFAULT CHARSET=utf8;
/*!40101 SET character_set_client = @saved_cs_client */;

--
-- Dumping data for table `feed`
--

LOCK TABLES `feed` WRITE;
/*!40000 ALTER TABLE `feed` DISABLE KEYS */;
INSERT INTO `feed` VALUES (1,2,'「CHAOS;CHILD」2017年1月11日放送スタート 新ビジュアルも公開','http://animeanime.jp/article/2016/11/19/31410.html','anime','2016-11-19 14:00:06.000','2016-11-19 15:27:49','2016-11-19 16:46:51'),(2,2,'「宇宙戦艦ヤマト2202 愛の戦士たち」特報映像公開 「機動戦士ガンダム サンダーボルト」第2シーズン決定：11月18日記事まとめ','http://animeanime.jp/article/2016/11/19/31409.html','anime','2016-11-19 12:00:07.000','2016-11-19 15:27:49','2016-11-19 16:46:51'),(3,2,'「セイレン」追加キャストに井澤詩織と三上枝織 キャラクターPV配信中','http://animeanime.jp/article/2016/11/19/31408.html','anime','2016-11-19 10:00:07.000','2016-11-19 15:27:49','2016-11-19 16:46:51'),(4,2,'「キンプリ」韓国で公開100日目のロングラン 日本アニメの最長上映記録を更新中','http://animeanime.jp/article/2016/11/19/31407.html','anime','2016-11-19 09:00:07.000','2016-11-19 15:27:49','2016-11-19 16:46:51'),(5,2,'物語はいよいよ一年戦争勃発前へ…今週注目の映画：「機動戦士ガンダム THE ORIGIN IV 運命の前夜」','http://animeanime.jp/article/2016/11/18/31406.html','anime','2016-11-18 20:00:07.000','2016-11-19 15:27:49','2016-11-19 16:46:51'),(6,2,'「アニメに登場する“いい夫婦”・“いい兄さん”は？」アンケート　〆切は11月21日まで','http://animeanime.jp/article/2016/11/18/31405.html','anime','2016-11-18 19:30:07.000','2016-11-19 15:27:49','2016-11-19 16:46:51'),(7,2,'宮野真守が魔法をかける「ファンタスティック・ビースト」日本語吹替版特別映像公開','http://animeanime.jp/article/2016/11/18/31404.html','anime','2016-11-18 19:00:07.000','2016-11-19 15:27:49','2016-11-19 16:46:51'),(8,2,'金曜ロードSHOW！「秋のジブリ」第3夜は『猫の恩返し』','http://animeanime.jp/article/2016/11/18/31403.html','anime','2016-11-18 18:30:07.000','2016-11-19 15:27:49','2016-11-19 16:46:51'),(9,2,'「宇宙戦艦ヤマト2202 愛の戦士たち」特報公開 前売券発売や完成披露上映会決定','http://animeanime.jp/article/2016/11/18/31402.html','anime','2016-11-18 18:00:10.000','2016-11-19 15:27:49','2016-11-19 16:46:51'),(10,2,'「昭和元禄落語心中 -助六再び篇-」2017年1月放送開始 完結までを描く','http://animeanime.jp/article/2016/11/18/31401.html','anime','2016-11-18 18:00:07.000','2016-11-19 15:27:49','2016-11-19 16:46:51'),(11,2,'『機動戦士ガンダム THE ORIGIN』池田秀一×早見沙織スペシャル対談 シャアとララァが初めて出会った日','http://animeanime.jp/article/2016/11/18/31400.html','anime','2016-11-18 17:30:06.000','2016-11-19 15:27:49','2016-11-19 16:46:51'),(12,2,'「機動戦士ガンダム サンダーボルト」2017年春第2シーズン始動 ライブイベント開催決定','http://animeanime.jp/article/2016/11/18/31399.html','anime','2016-11-18 17:00:07.000','2016-11-19 15:27:49','2016-11-19 16:46:51'),(13,2,'「はがねオーケストラ」特設サイトを公開 アニメにVOICEROIDの2キャラが初登場','http://animeanime.jp/article/2016/11/18/31398.html','anime','2016-11-18 16:00:09.000','2016-11-19 15:27:49','2016-11-19 16:46:51'),(14,2,'映画「ONE PIECE」中国で3日間の興収11億円超えの大ヒットスタート','http://animeanime.jp/article/2016/11/18/31397.html','anime','2016-11-18 16:00:07.000','2016-11-19 15:27:49','2016-11-19 16:46:51'),(15,2,'バーチャルアニメ「One Room」2017年1月放送開始 カントクがキャラクター原案を担当','http://animeanime.jp/article/2016/11/18/31396.html','anime','2016-11-18 15:00:09.000','2016-11-19 15:27:49','2016-11-19 16:46:51'),(16,2,'「SING/シング」3月17日ロードショー  予告編にエアロスミス feat. エミネムのコラボ楽曲','http://animeanime.jp/article/2016/11/18/31395.html','anime','2016-11-18 15:00:06.000','2016-11-19 15:27:49','2016-11-19 16:46:51'),(17,2,'劇場版「名探偵コナン 純黒の悪夢」中国での公開が決定 4000館規模でロードショー','http://animeanime.jp/article/2016/11/18/31394.html','anime','2016-11-18 14:02:57.000','2016-11-19 15:27:49','2016-11-19 16:46:51'),(18,2,'「ガンプラEXPO」11月19日から秋葉原にて開催 「オルフェンズ」の世界観を再現','http://animeanime.jp/article/2016/11/18/31393.html','anime','2016-11-18 13:13:50.000','2016-11-19 15:27:49','2016-11-19 16:46:51'),(19,2,'「ウルトラマンゼロ THE CHRONICLE」1月7日放送開始 春には「ウルトラファイトオーブ」もスタート','http://animeanime.jp/article/2016/11/18/31392.html','anime','2016-11-18 12:42:56.000','2016-11-19 15:27:49','2016-11-19 16:46:51'),(20,2,'「シン・ゴジラ」興収80億円突破「ラブライブ！」劇場版地上波初放送決定：11月17日記事まとめ','http://animeanime.jp/article/2016/11/18/31391.html','anime','2016-11-18 12:00:07.000','2016-11-19 15:27:49','2016-11-19 16:46:51'),(21,2,'映画「ReLIFE リライフ」追加キャストは池田エライザ 劇中の衣装写真も公開','http://animeanime.jp/article/2016/11/18/31390.html','anime','2016-11-18 11:00:07.000','2016-11-19 15:27:49','2016-11-19 16:46:51'),(22,2,'「マクロスΔ」ワルキューレ 2ndライブのビジュアル公開','http://animeanime.jp/article/2016/11/18/31389.html','anime','2016-11-18 10:00:07.000','2016-11-19 15:27:49','2016-11-19 16:46:51'),(23,2,'「無限の住人」 市原隼人、栗山千明の極悪刺客 ビジュアル初公開','http://animeanime.jp/article/2016/11/18/31388.html','anime','2016-11-18 09:00:08.000','2016-11-19 15:27:49','2016-11-19 16:46:51'),(24,2,'実写版「ジョジョの奇妙な冒険」特報映像公開 東宝とワーナー初の共同製作','http://animeanime.jp/article/2016/11/18/31387.html','anime','2016-11-18 07:00:07.000','2016-11-19 15:27:49','2016-11-19 16:46:51'),(25,2,'アニメファッションの商品化を支援する新サービス「ani-t」 GUMI、結月ゆかりとのコラボも','http://animeanime.jp/article/2016/11/17/31386.html','anime','2016-11-17 20:00:08.000','2016-11-19 15:27:49','2016-11-19 16:46:51'),(26,2,'「ダム・キーパー」新作長編映画に トンコハウスとフォックス・アニメーションが共同制作','http://animeanime.jp/article/2016/11/17/31385.html','anime','2016-11-17 19:00:08.000','2016-11-19 15:27:49','2016-11-19 16:46:51'),(27,2,'「甲鉄城のカバネリ 総集編」EDは澤野弘之によるボーカルプロジェクトSawanoHiroyuki[nZK]','http://animeanime.jp/article/2016/11/17/31384.html','anime','2016-11-17 18:00:07.000','2016-11-19 15:27:49','2016-11-19 16:46:51'),(28,2,'劇場版「とある魔術の禁書目録-エンデュミオンの奇蹟-」AbemaTVにて配信決定','http://animeanime.jp/article/2016/11/17/31383.html','anime','2016-11-17 17:37:05.000','2016-11-19 15:27:49','2016-11-19 16:46:51'),(29,2,'3000人以上が熱望！続編が見たいアニメアンケート女性編（オリジナル部門）1位は「タイバニ」','http://animeanime.jp/article/2016/11/17/31382.html','anime','2016-11-17 17:00:07.000','2016-11-19 15:27:49','2016-11-19 16:46:51'),(30,2,'「シン・ゴジラ」興行収入80億円突破 邦画実写映画では「永遠の0」以来3年ぶり','http://animeanime.jp/article/2016/11/17/31381.html','anime','2016-11-17 15:54:56.000','2016-11-19 15:27:49','2016-11-19 16:46:51'),(31,2,'劇場版「ラブライブ！」 2017年1月NHK Eテレにて地上波初放送','http://animeanime.jp/article/2016/11/17/31380.html','anime','2016-11-17 15:00:08.000','2016-11-19 15:27:49','2016-11-19 16:46:51'),(32,2,'東山奈央のソロデビューが決定 「チェインクロニクル 」主題歌 2月1日リリース','http://animeanime.jp/article/2016/11/17/31379.html','anime','2016-11-17 14:00:06.000','2016-11-19 15:27:49','2016-11-19 16:46:51'),(33,2,'dアニメストアが「クリアファイルファイル」を制作 キングジムとのコラボ企画','http://animeanime.jp/article/2016/11/17/31378.html','anime','2016-11-17 13:00:07.000','2016-11-19 15:27:49','2016-11-19 16:46:51'),(34,2,'実写版「鋼の錬金術師」映像初公開 「名探偵コナン」2時間SPは原作者全面監修：11月16日記事まとめ','http://animeanime.jp/article/2016/11/17/31377.html','anime','2016-11-17 12:30:07.000','2016-11-19 15:27:49','2016-11-19 16:46:51'),(35,2,'「僕のヒーローアカデミア」新宿マルイアネックスと冬コラボ スノボウェアを着たビジュアル公開','http://animeanime.jp/article/2016/11/17/31376.html','anime','2016-11-17 12:00:07.000','2016-11-19 15:27:49','2016-11-19 16:46:51'),(36,2,'「家庭教師ヒットマンREBORN！」J-WORLDでイベント開催 描き下ろしイラスト公開','http://animeanime.jp/article/2016/11/17/31375.html','anime','2016-11-17 11:30:07.000','2016-11-19 15:27:49','2016-11-19 16:46:51'),(37,2,'「ハイスクール！奇面組」 舞台化決定 一般公募の特別オーディションも開催','http://animeanime.jp/article/2016/11/17/31374.html','anime','2016-11-17 10:30:07.000','2016-11-19 15:27:49','2016-11-19 16:46:51'),(38,2,'「ローグ・ワン」メンバーポスター完成 ジンとキャシアン・アンドーの映像も公開','http://animeanime.jp/article/2016/11/17/31373.html','anime','2016-11-17 09:34:47.000','2016-11-19 15:27:49','2016-11-19 16:46:51'),(39,2,'「ひるね姫」キービジュアル公開 鏡写しの世界には髑髏ジャケットの少女','http://animeanime.jp/article/2016/11/17/31372.html','anime','2016-11-17 08:00:06.000','2016-11-19 15:27:49','2016-11-19 16:46:51'),(40,2,'アニメのつくる未来を考察する「アニメNEXT100」発足 キックオフイベントに大地丙太郎監督ら登壇','http://animeanime.jp/article/2016/11/16/31371.html','anime','2016-11-16 21:00:07.000','2016-11-19 15:27:49','2016-11-19 16:46:51'),(41,2,'新海誠監督、花澤香菜11stシングルにメッセージ「1日を終えた後のご褒美のような」','http://animeanime.jp/article/2016/11/16/31370.html','anime','2016-11-16 20:00:07.000','2016-11-19 15:27:49','2016-11-19 16:46:51'),(42,2,'「ALL OUT!!」顧問の吉田諭志の設定画公開 キャストを当てるクイズ企画を開始','http://animeanime.jp/article/2016/11/16/31369.html','anime','2016-11-16 19:00:08.000','2016-11-19 15:27:49','2016-11-19 16:46:51'),(43,2,'「舟を編む」ダイジェストPV配信 13分でこれまでのエピソードをおさらい','http://animeanime.jp/article/2016/11/16/31368.html','anime','2016-11-16 18:30:08.000','2016-11-19 15:27:49','2016-11-19 16:46:51'),(44,2,'「続編が見たいアニメランキング」オリジナル部門の男性票1位は「SHIROBAKO」','http://animeanime.jp/article/2016/11/16/31367.html','anime','2016-11-16 18:00:07.000','2016-11-19 15:27:49','2016-11-19 16:46:51'),(45,2,'映画「ドクター・ストレンジ」吹き替え声優が明らかに 小野大輔が参加','http://animeanime.jp/article/2016/11/16/31366.html','anime','2016-11-16 17:30:07.000','2016-11-19 15:27:49','2016-11-19 16:46:51'),(46,2,'「モンスターストライク THE MOVIE はじまりの場所へ」アニメ！アニメ！試写会30組60名様ご招待','http://animeanime.jp/article/2016/11/16/31365.html','anime','2016-11-16 17:00:07.000','2016-11-19 15:27:49','2016-11-19 16:46:51'),(47,2,'「名探偵コナン」と東急ハンズがコラボ ハンズ店員になったイラスト公開','http://animeanime.jp/article/2016/11/16/31364.html','anime','2016-11-16 16:30:07.000','2016-11-19 15:27:49','2016-11-19 16:46:51'),(48,2,'「君の名は。」香港、タイでも週末興行ランキング1位を獲得 アジア4冠達成','http://animeanime.jp/article/2016/11/16/31363.html','anime','2016-11-16 16:00:07.000','2016-11-19 15:27:49','2016-11-19 16:46:51'),(49,2,'SUGOI JAPAN Award2017 投票スタート 「君の名は。」新海誠のインタビューも掲載','http://animeanime.jp/article/2016/11/16/31362.html','anime','2016-11-16 15:00:07.000','2016-11-19 15:27:49','2016-11-19 16:46:51'),(50,2,'「ポケモンおせち」モンスターボール型の重箱にポケモンをイメージした食材が盛りだくさん！ 予約受付中','http://animeanime.jp/article/2016/11/16/31361.html','anime','2016-11-16 14:00:07.000','2016-11-19 15:27:49','2016-11-19 15:28:21'),(51,1,'S32 レジェンド10位 tom アグロフリーズメイジ','http://hearthgamers.com/decks/rank_match/id_2016','Hearthstone','2016-11-19 13:15:43.000','2016-11-19 15:27:49','2016-11-26 00:03:58'),(52,1,'S32 ヒロイック酒場12勝 Ryzen ヨグサロンミラクルローグ','http://hearthgamers.com/decks/heroic_tavern_brawl/id_2015','Hearthstone','2016-11-18 12:03:15.000','2016-11-19 15:27:49','2016-11-26 00:03:58'),(53,1,'S32 ヒロイック酒場12勝 Mryagut ンゾスコントロールウォリアー','http://hearthgamers.com/decks/heroic_tavern_brawl/id_2014','Hearthstone','2016-11-17 23:46:46.000','2016-11-19 15:27:49','2016-11-26 00:03:58'),(54,1,'S32 ヒロイック酒場12勝 Ostkaka ディスカードズー','http://hearthgamers.com/decks/heroic_tavern_brawl/id_2012','Hearthstone','2016-11-17 22:51:13.000','2016-11-19 15:27:49','2016-11-19 16:46:52'),(55,1,'S32 ヒロイック酒場12勝 Aojiru コボルトマリゴスローグ','http://hearthgamers.com/decks/heroic_tavern_brawl/id_2011','Hearthstone','2016-11-17 18:17:56.000','2016-11-19 15:27:49','2016-11-19 16:46:52'),(56,1,'S32 レジェンド1位＆ヒロイック酒場12勝 Rosty ミッドレンジシャーマン','http://hearthgamers.com/decks/heroic_tavern_brawl/id_2010','Hearthstone','2016-11-17 18:07:44.000','2016-11-19 15:27:49','2016-11-19 16:46:52'),(57,1,'S32 ヒロイック酒場12勝 chesdude コボルトフリーズメイジ','http://hearthgamers.com/decks/heroic_tavern_brawl/id_2009','Hearthstone','2016-11-17 06:10:19.000','2016-11-19 15:27:49','2016-11-19 16:46:52'),(58,1,'S32 ヒロイック酒場12勝 ドラゴンプリースト','http://hearthgamers.com/decks/heroic_tavern_brawl/id_2008','Hearthstone','2016-11-17 05:59:22.000','2016-11-19 15:27:49','2016-11-19 16:46:52'),(59,1,'S32 ヒロイック酒場12勝 Wtybill テンポメイジ','http://hearthgamers.com/decks/heroic_tavern_brawl/id_2007','Hearthstone','2016-11-17 05:33:06.000','2016-11-19 15:27:49','2016-11-19 16:46:52'),(60,1,'S32 ヒロイック酒場11勝 Tyler マリゴスドルイド','http://hearthgamers.com/decks/heroic_tavern_brawl/id_2006','Hearthstone','2016-11-17 04:33:36.000','2016-11-19 15:27:49','2016-11-19 15:28:21'),(121,2,'「アマガミSS」Blu-rayソロ・コレクション＆コンプリートアルバムの詳細が明らかに','http://animeanime.jp/article/2016/11/19/31411.html','anime','2016-11-19 16:00:07.000','2016-11-19 16:39:39','2016-11-19 16:46:51'),(171,1,'S32 ヒロイック酒場12勝 Wtybill ハンドロック','http://hearthgamers.com/decks/heroic_tavern_brawl/id_2017','Hearthstone','2016-11-19 16:16:48.000','2016-11-19 16:39:39','2016-11-26 00:03:58'),(361,2,'「ウルトラマン」シリーズ総結集のCD-BOXが発売 全263曲を収録した豪華12枚組','http://animeanime.jp/article/2016/11/25/31504.html','anime','2016-11-25 20:00:07.000','2016-11-25 23:36:54','2016-11-26 00:03:57'),(362,2,'「機動警察パトレイバーREBOOT」配信開始 公開は2017年2月28日まで','http://animeanime.jp/article/2016/11/25/31503.html','anime','2016-11-25 19:30:08.000','2016-11-25 23:36:54','2016-11-26 00:03:57'),(363,2,'劇場版「青鬼 THE ANIMATION」物語は新たな舞台に キャストやスタッフを公開','http://animeanime.jp/article/2016/11/25/31502.html','anime','2016-11-25 19:00:07.000','2016-11-25 23:36:54','2016-11-26 00:03:57'),(364,2,'「昭和落語心中 -助六再び篇-」新キービジュアル公開 12月にスペシャル番組配信','http://animeanime.jp/article/2016/11/25/31501.html','anime','2016-11-25 18:00:10.000','2016-11-25 23:36:54','2016-11-26 00:03:57'),(365,2,'「宇宙戦艦ヤマト2202 愛の戦士たち」特別番組配信 古代進や森雪のキャラクター設定を公開','http://animeanime.jp/article/2016/11/25/31500.html','anime','2016-11-25 18:00:08.000','2016-11-25 23:36:54','2016-11-26 00:03:57'),(366,2,'「SING／シング」動物たちが舞い踊るクリスマス特別映像が公開','http://animeanime.jp/article/2016/11/25/31499.html','anime','2016-11-25 17:30:07.000','2016-11-25 23:36:54','2016-11-26 00:03:57'),(367,2,'ルパン新作「血煙の石川五ェ門」場面写真が公開 謎の敵キャラクターの姿も','http://animeanime.jp/article/2016/11/25/31498.html','anime','2016-11-25 17:00:08.000','2016-11-25 23:36:54','2016-11-26 00:03:57'),(368,2,'「モンスターストライク THE MOVIE」完成披露試写会にキャスト・スタッフが登壇','http://animeanime.jp/article/2016/11/25/31497.html','anime','2016-11-25 16:30:07.000','2016-11-25 23:36:54','2016-11-26 00:03:57'),(369,2,'「ポッピンQ」12月3日公開直前プレミアムイベント アニメ！アニメ！読者10名様ご招待','http://animeanime.jp/article/2016/11/25/31496.html','anime','2016-11-25 16:00:07.000','2016-11-25 23:36:54','2016-11-26 00:03:57'),(370,2,'「クズの本懐」 安済知佳、島崎信長などメインキャスト発表 放送日、キービジュアルなども公開','http://animeanime.jp/article/2016/11/25/31495.html','anime','2016-11-25 15:00:06.000','2016-11-25 23:36:54','2016-11-26 00:03:57'),(371,2,'「機動戦士ガンダム0083」全長58cmデンドロビウムの巨大食玩が登場 価格は2万円','http://animeanime.jp/article/2016/11/25/31494.html','anime','2016-11-25 14:00:08.000','2016-11-25 23:36:54','2016-11-26 00:03:57'),(372,2,'TRUSTRICK活動休止発表 「ダンガンロンパ」「俺物語!!」など','http://animeanime.jp/article/2016/11/25/31493.html','anime','2016-11-25 13:30:07.000','2016-11-25 23:36:54','2016-11-26 00:03:57'),(373,2,'「3月のライオン」石田彰、玄田哲章、阪口大助ら、豪華メンバーが棋士を担当','http://animeanime.jp/article/2016/11/25/31492.html','anime','2016-11-25 13:00:07.000','2016-11-25 23:36:54','2016-11-26 00:03:57'),(374,2,'「傷物語〈III冷血篇〉」新ビジュアル公開「オーバーロード」劇場版は2部構成：11月24日記事まとめ','http://animeanime.jp/article/2016/11/25/31491.html','anime','2016-11-25 12:30:07.000','2016-11-25 23:36:54','2016-11-26 00:03:57'),(375,2,'「小林さんちのメイドラゴン」追加キャストに小野大輔、中村悠一','http://animeanime.jp/article/2016/11/25/31490.html','anime','2016-11-25 12:00:07.000','2016-11-25 23:36:54','2016-11-26 00:03:57'),(376,2,'「ポッピンQ」新規カット公開 バイオスーツを着てダンスに挑戦','http://animeanime.jp/article/2016/11/25/31489.html','anime','2016-11-25 11:00:07.000','2016-11-25 23:36:54','2016-11-26 00:03:57'),(377,2,'「ちるらん にぶんの壱」 メインキャスト発表 土方歳三役は鈴木達央','http://animeanime.jp/article/2016/11/25/31488.html','anime','2016-11-25 10:00:11.000','2016-11-25 23:36:54','2016-11-26 00:03:57'),(378,2,'テレビアニメ「つぐもも」ティザービジュアル公開 公式サイトもオープン','http://animeanime.jp/article/2016/11/25/31487.html','anime','2016-11-25 10:00:06.000','2016-11-25 23:36:54','2016-11-26 00:03:57'),(379,2,'「オーバーロード」劇場版は2部構成、第1部「不死者の王」2017年2月25日公開','http://animeanime.jp/article/2016/11/24/31486.html','anime','2016-11-24 22:00:07.000','2016-11-25 23:36:54','2016-11-26 00:03:57'),(380,2,'「ユーリ!!! on ICE」勇利が掲げるテーマ“愛”を香りで表現！ ライフスタイルグッズが登場','http://animeanime.jp/article/2016/11/24/31485.html','anime','2016-11-24 20:00:08.000','2016-11-25 23:36:54','2016-11-26 00:03:57'),(381,2,'「はがねオーケストラ」協力型ミッション実装 初イベントのボスは結月ゆかり＆弦巻マキ','http://animeanime.jp/article/2016/11/24/31484.html','anime','2016-11-24 19:00:08.000','2016-11-25 23:36:54','2016-11-26 00:03:57'),(382,2,'「アニメ化してほしいゲームは？」アンケート、アプリ部門1位は『消滅都市』','http://animeanime.jp/article/2016/11/24/31483.html','anime','2016-11-24 18:00:07.000','2016-11-25 23:36:54','2016-11-26 00:03:57'),(383,2,'「傷物語〈III冷血篇〉」新ビジュアルに雨の中立ちすくむ羽川翼 第2弾前売り券は11月26日発売','http://animeanime.jp/article/2016/11/24/31482.html','anime','2016-11-24 17:30:07.000','2016-11-25 23:36:54','2016-11-26 00:03:57'),(384,2,'「宇宙兄弟」の小山宙哉が情熱大陸に出演 5年の密着取材を敢行','http://animeanime.jp/article/2016/11/24/31481.html','anime','2016-11-24 17:00:07.000','2016-11-25 23:36:54','2016-11-26 00:03:57'),(385,2,'ポンタがガッチャマン、ヤッターマンに変身！ タツノコプロとのコラボグッズが登場','http://animeanime.jp/article/2016/11/24/31480.html','anime','2016-11-24 16:12:33.000','2016-11-25 23:36:54','2016-11-26 00:03:57'),(386,2,'カードダス「新約SDガンダム外伝 新世聖誕伝説 神聖騎士の再臨」プレミアムバンダイに登場','http://animeanime.jp/article/2016/11/24/31479.html','anime','2016-11-24 15:00:07.000','2016-11-25 23:36:54','2016-11-26 00:03:57'),(387,2,'ドラマ「ラーメン大好き小泉さん」年末SP放送決定 名店中の名店が登場','http://animeanime.jp/article/2016/11/24/31478.html','anime','2016-11-24 14:00:07.000','2016-11-25 23:36:54','2016-11-26 00:03:57'),(388,2,'「ACCA13区監察課」アーティスト情報発表 下野紘らキャスト陣のコメントも公開','http://animeanime.jp/article/2016/11/24/31477.html','anime','2016-11-24 13:00:07.000','2016-11-25 23:36:54','2016-11-26 00:03:57'),(389,2,'「金狼感謝祭2016」雨宮慶太をはじめキャスト・スタッフが登壇 新シリーズも発表','http://animeanime.jp/article/2016/11/24/31476.html','anime','2016-11-24 12:30:06.000','2016-11-25 23:36:54','2016-11-26 00:03:57'),(390,2,'「ドラゴンボール超」アラレちゃんが登場！「スタジオカラー10周年記念展」レポート：11月22～23日記事まとめ','http://animeanime.jp/article/2016/11/24/31475.html','anime','2016-11-24 12:00:07.000','2016-11-25 23:36:54','2016-11-26 00:03:57'),(391,2,'「ファンタスティック・ビーストと魔法使いの旅」全国公開 「ハリポタ」を超える好スタート','http://animeanime.jp/article/2016/11/24/31474.html','anime','2016-11-24 11:00:06.000','2016-11-25 23:36:54','2016-11-26 00:03:57'),(392,2,'劇場版「ReLIFE リライフ」 新キャスト発表 小野屋杏役に岡崎紗絵','http://animeanime.jp/article/2016/11/24/31473.html','anime','2016-11-24 10:00:07.000','2016-11-25 23:36:54','2016-11-26 00:03:57'),(393,2,'「ひるね姫」主演・高畑充希が主題歌も担当 モンキーズ「デイ・ドリーム・ビリーバー」をカバー','http://animeanime.jp/article/2016/11/24/31472.html','anime','2016-11-24 08:00:06.000','2016-11-25 23:36:54','2016-11-26 00:03:57'),(394,2,'「弱虫ペダル」総勢12人キャラ登場の第3期キービジュアル公開 放送情報も明らかに','http://animeanime.jp/article/2016/11/24/31471.html','anime','2016-11-24 00:00:07.000','2016-11-25 23:36:54','2016-11-26 00:03:57'),(395,2,'舞台「NARUTO-ナルト-」マレーシア公演が終了 「2.5次元ミュージカル」をアジアで普及','http://animeanime.jp/article/2016/11/23/31470.html','anime','2016-11-23 21:00:07.000','2016-11-25 23:36:54','2016-11-26 00:03:57'),(396,2,'「君の名は。」ワンシーンが夜空のシアターで上映 「HUAWEI presents 星空のイルミネーション」開催','http://animeanime.jp/article/2016/11/23/31469.html','anime','2016-11-23 20:00:07.000','2016-11-25 23:36:54','2016-11-26 00:03:57'),(397,2,'「劇場版 ウルトラマンオーブ 絆の力、おかりします！」 2017年3月11日全国公開決定','http://animeanime.jp/article/2016/11/23/31468.html','anime','2016-11-23 19:00:07.000','2016-11-25 23:36:54','2016-11-26 00:03:57'),(398,2,'「タイガーマスクW」オカダ・カズチカ×森田成一インタビュー 声優とプロレスラーの意外な共通点とは？','http://animeanime.jp/article/2016/11/23/31467.html','anime','2016-11-23 18:00:06.000','2016-11-25 23:36:54','2016-11-26 00:03:57'),(399,2,'庵野秀明が『シン・ヱヴァ』を語る 「カラー10周年記念展」レポート','http://animeanime.jp/article/2016/11/23/31466.html','anime','2016-11-23 17:54:30.000','2016-11-25 23:36:54','2016-11-26 00:03:57'),(400,2,'「Gジェネ」最新作のモビルスーツを名曲「はたらくくるま」にのせて紹介','http://animeanime.jp/article/2016/11/23/31465.html','anime','2016-11-23 17:30:05.000','2016-11-25 23:36:54','2016-11-26 00:03:57'),(401,2,'「Free!」橘真琴が1位に 「アニメに登場する“いい兄さん”は？」アンケート結果','http://animeanime.jp/article/2016/11/23/31464.html','anime','2016-11-23 17:00:07.000','2016-11-25 23:36:54','2016-11-26 00:03:57'),(402,2,'「亜人ちゃんは語りたい」第2弾PV公開 11月30日の特番でメインキャスト発表','http://animeanime.jp/article/2016/11/23/31463.html','anime','2016-11-23 16:37:23.000','2016-11-25 23:36:54','2016-11-26 00:03:57'),(403,2,'伊勢志摩の海女萌えキャラ・碧志摩メグがクラウドファンディングを開始 アニメPVの制作を目指す','http://animeanime.jp/article/2016/11/23/31462.html','anime','2016-11-23 15:00:06.000','2016-11-25 23:36:54','2016-11-26 00:03:57'),(404,2,'バザーやショーなど盛りだくさん「日本俳優連合チャリティーイベント」声優や俳優も手作りで参加','http://animeanime.jp/article/2016/11/23/31461.html','anime','2016-11-23 14:00:07.000','2016-11-25 23:36:54','2016-11-26 00:03:57'),(405,2,'劇場版「遊☆戯☆王」興行収入10億円突破 2017年にはアメリカでも上映予定','http://animeanime.jp/article/2016/11/23/31460.html','anime','2016-11-23 13:00:07.000','2016-11-25 23:36:54','2016-11-26 00:03:57'),(406,2,'「好きになるその瞬間を。」EDテーマは乃木坂46 松村沙友理らが声優初挑戦','http://animeanime.jp/article/2016/11/23/31459.html','anime','2016-11-23 12:00:07.000','2016-11-25 23:36:54','2016-11-26 00:03:57'),(407,2,'コンサート「シン・ゴジラ対エヴァンゲリオン交響楽」開催決定 総監督は鷺巣詩郎','http://animeanime.jp/article/2016/11/23/31458.html','anime','2016-11-23 11:00:06.000','2016-11-25 23:36:54','2016-11-26 00:03:57'),(408,2,'「カブキブ！」 アニメキャラ原案はCLAMP 描き下ろしビジュアル&メインスタッフ公開','http://animeanime.jp/article/2016/11/23/31457.html','anime','2016-11-23 10:34:34.000','2016-11-25 23:36:54','2016-11-26 00:03:57'),(409,2,'映画「覆面系ノイズ」主演は中条あやみ 歌とギターに初挑戦','http://animeanime.jp/article/2016/11/23/31456.html','anime','2016-11-23 09:30:35.000','2016-11-25 23:36:54','2016-11-26 00:03:57'),(410,2,'神谷浩史ら人気声優出演「Kiramuneカンパニー」1周年記念の感謝企画で一挙放送','http://animeanime.jp/article/2016/11/22/31455.html','anime','2016-11-22 20:00:07.000','2016-11-25 23:36:54','2016-11-26 00:03:57'),(411,1,'11/10更新【酒場の喧嘩】ヴァリーラのお宝呪文袋 | 攻略・デッキ紹介','http://hearthgamers.com/tavern_brawl/brawl_76','Hearthstone','2016-11-24 05:09:21.000','2016-11-25 23:36:54','2016-11-30 23:53:43'),(412,1,'S32 レジェンド3位 Purple テンポメイジ','http://hearthgamers.com/decks/rank_match/id_2021','Hearthstone','2016-11-22 14:07:42.000','2016-11-25 23:36:54','2016-11-30 23:53:43'),(413,1,'S32 レジェンド1位 Porita コントロールウォリアー','http://hearthgamers.com/decks/rank_match/id_2022','Hearthstone','2016-11-22 14:04:01.000','2016-11-25 23:36:54','2016-11-30 23:53:43'),(414,1,'S32 ヒロイック酒場12勝 eStarFuoliver ミルローグ','http://hearthgamers.com/decks/heroic_tavern_brawl/id_2020','Hearthstone','2016-11-20 22:13:34.000','2016-11-25 23:36:54','2016-11-30 23:53:43'),(415,1,'S32 ヒロイック酒場12勝 Shishiodoshi ドラゴンパラディン','http://hearthgamers.com/decks/heroic_tavern_brawl/id_2019','Hearthstone','2016-11-20 21:31:22.000','2016-11-25 23:36:54','2016-11-30 23:53:43'),(416,1,'S32 ヒロイック酒場12勝 LegendJeremy シークレットハンター','http://hearthgamers.com/decks/heroic_tavern_brawl/id_2018','Hearthstone','2016-11-19 18:29:47.000','2016-11-25 23:36:54','2016-11-29 23:52:45'),(721,2,'高橋良輔のトークショー開催決定 「装甲騎兵ボトムズ 戦場の哲学者」刊行記念','http://animeanime.jp/article/2016/11/29/31556.html','anime','2016-11-29 21:00:05.000','2016-11-29 23:52:44','2016-11-30 23:53:43'),(722,2,'オムニバス映画「Force of Will THE MOVIE」タイの制作会社が参加 インドの叙事詩をリテリング','http://animeanime.jp/article/2016/11/29/31555.html','anime','2016-11-29 20:00:08.000','2016-11-29 23:52:44','2016-11-30 23:53:43'),(723,2,'「カラオケで盛り上がるアニソンは？」アンケート 〆切は12月4日まで','http://animeanime.jp/article/2016/11/29/31554.html','anime','2016-11-29 19:30:08.000','2016-11-29 23:52:44','2016-11-30 23:53:43'),(724,2,'「SUPER LOVERS」アニメイトで複製原画&場面写パネル展を開催 抽選プレゼントも','http://animeanime.jp/article/2016/11/29/31553.html','anime','2016-11-29 19:00:07.000','2016-11-29 23:52:44','2016-11-30 23:53:43'),(725,2,'「アニメ化してほしいゲームは？」アンケート、 1位は「キングダムハーツ」','http://animeanime.jp/article/2016/11/29/31552.html','anime','2016-11-29 18:00:07.000','2016-11-29 23:52:44','2016-11-30 23:53:43'),(726,2,'「甲鉄城のカバネリ 総集編」プレミアム上映会が決定 畠中祐、千本木彩花らキャスト集結','http://animeanime.jp/article/2016/11/29/31551.html','anime','2016-11-29 17:00:08.000','2016-11-29 23:52:44','2016-11-30 23:53:43'),(727,2,'「ドリフターズ」秋葉原の飲食店15店舗とコラボ 12月2日から第2弾がスタート','http://animeanime.jp/article/2016/11/29/31550.html','anime','2016-11-29 16:00:07.000','2016-11-29 23:52:44','2016-11-30 23:53:43'),(728,2,'声優・小野賢章と京都巡り、「あーん」や着物選びを360°視点で疑似体験','http://animeanime.jp/article/2016/11/29/31549.html','anime','2016-11-29 15:20:33.000','2016-11-29 23:52:44','2016-11-30 23:53:43'),(729,2,'「プリキュア ON ミラクル マジカル☆ステージ」前売券と来場者プレゼントを公開','http://animeanime.jp/article/2016/11/29/31548.html','anime','2016-11-29 14:00:07.000','2016-11-29 23:52:44','2016-11-30 23:53:43'),(730,2,'「プリキュア」新作のタイトル決定 「この世界の片隅に」動員ランキング6位に：11月28日記事まとめ','http://animeanime.jp/article/2016/11/29/31547.html','anime','2016-11-29 13:00:07.000','2016-11-29 23:52:44','2016-11-30 23:53:43'),(731,2,'アニー賞「君の名は。」「百日紅」がノミネート  「レッドタートル」は5部門','http://animeanime.jp/article/2016/11/29/31546.html','anime','2016-11-29 12:29:03.000','2016-11-29 23:52:44','2016-11-30 23:53:43'),(732,2,'コードギアス10周年イベントで新プロジェクト発表、大河内一楼が「主人公はルルーシュ」と断言','http://animeanime.jp/article/2016/11/29/31545.html','anime','2016-11-29 12:00:07.000','2016-11-29 23:52:44','2016-11-30 23:53:43'),(733,2,'「ドラゴンボール超」J-WORLDで期間限定イベント マシンに乗って激突バトル','http://animeanime.jp/article/2016/11/29/31544.html','anime','2016-11-29 11:30:08.000','2016-11-29 23:52:44','2016-11-30 23:53:43'),(734,2,'舞台「ハイキュー!!」新作を2017年春に上演 日向翔陽は須賀健太が続投','http://animeanime.jp/article/2016/11/29/31543.html','anime','2016-11-29 10:30:06.000','2016-11-29 23:52:44','2016-11-30 23:53:43'),(735,2,'ディズニー最新作「モアナと伝説の海」日本語吹替版の予告公開','http://animeanime.jp/article/2016/11/29/31542.html','anime','2016-11-29 09:51:14.000','2016-11-29 23:52:44','2016-11-30 23:53:43'),(736,2,'「ファンタスティック・ビースト」公開5日間で動員100万人突破 世界中で大ヒット','http://animeanime.jp/article/2016/11/28/31541.html','anime','2016-11-28 21:00:07.000','2016-11-29 23:52:44','2016-11-30 23:53:43'),(737,2,'劇場版「ソードアート・オンライン」主題歌はLiSAの新曲に 全国5都市で試写会も実施','http://animeanime.jp/article/2016/11/28/31539.html','anime','2016-11-28 19:00:07.000','2016-11-29 23:52:44','2016-11-30 23:53:43'),(738,2,'「この世界の片隅に」3週目で動員ランキング6位に上昇 12月から上映拡大も','http://animeanime.jp/article/2016/11/28/31538.html','anime','2016-11-28 18:27:43.000','2016-11-29 23:52:44','2016-11-30 23:53:43'),(739,2,'「弱虫ペダル NEW GENERATION」OPは夏代孝明、EDは佐伯ユウスケに決定','http://animeanime.jp/article/2016/11/28/31537.html','anime','2016-11-28 18:01:07.000','2016-11-29 23:52:44','2016-11-30 23:53:43'),(740,2,'「少年ハリウッド」クラウドファンディングが4300万円突破 目標額までラストスパート','http://animeanime.jp/article/2016/11/28/31536.html','anime','2016-11-28 17:30:07.000','2016-11-29 23:52:44','2016-11-30 23:53:43'),(741,2,'「ガンダム」シャアとアムロが10年ぶりに揃って登壇、古谷徹「こんなに嬉しいことはない！」','http://animeanime.jp/article/2016/11/28/31535.html','anime','2016-11-28 17:00:07.000','2016-11-29 23:52:44','2016-11-30 23:53:43'),(742,2,'「ファインディング・ドリー」作中の隠れキャラ、スタントン監督が明かす','http://animeanime.jp/article/2016/11/28/31534.html','anime','2016-11-28 16:00:07.000','2016-11-29 23:52:44','2016-11-30 23:53:43'),(743,2,'「有頂天家族２」京都の世界遺産・下鴨神社境内で初のアニメイベント開催','http://animeanime.jp/article/2016/11/28/31533.html','anime','2016-11-28 15:00:07.000','2016-11-29 23:52:44','2016-11-30 23:53:43'),(744,2,'「劇場版 艦これ」公開初日 上坂すみれ、藤田咲らキャスト10名から“提督”へ感謝の言葉が到着','http://animeanime.jp/article/2016/11/28/31532.html','anime','2016-11-28 14:00:06.000','2016-11-29 23:52:44','2016-11-30 23:53:43'),(745,2,'「ウルトラマンオーブ」スピンオフシリーズが決定 Amazonプライム・ビデオ限定で見放題配信','http://animeanime.jp/article/2016/11/28/31531.html','anime','2016-11-28 13:07:59.000','2016-11-29 23:52:44','2016-11-30 23:53:43'),(746,2,'「覆面系ノイズ」第2弾キャスト発表 「仮面ライダー」劇場版にレジェンドライダー登場：11月26～27日記事まとめ','http://animeanime.jp/article/2016/11/28/31530.html','anime','2016-11-28 12:30:07.000','2016-11-29 23:52:44','2016-11-30 23:53:43'),(747,2,'「大銀魂展」珍妙な展示内容が公開 面白セリフを投稿する企画も','http://animeanime.jp/article/2016/11/28/31529.html','anime','2016-11-28 12:14:56.000','2016-11-29 23:52:44','2016-11-30 23:53:43'),(748,2,'「コードギアス」新プロジェクト「復活のルルーシュ」始動 新作パートを加えた劇場総集編も','http://animeanime.jp/article/2016/11/28/31528.html','anime','2016-11-28 12:00:07.000','2016-11-29 23:52:44','2016-11-30 23:53:43'),(749,2,'「プリキュア」14作目、新作タイトルは「キラキラ☆プリキュアアラモード」 に決定','http://animeanime.jp/article/2016/11/28/31527.html','anime','2016-11-28 06:00:06.000','2016-11-29 23:52:44','2016-11-30 23:53:43'),(750,2,'「クリスマス・アニメーション・ワークショップ 2016」 東京藝大のアニメをセレクション上映','http://animeanime.jp/article/2016/11/27/31526.html','anime','2016-11-27 21:00:05.000','2016-11-29 23:52:44','2016-11-30 23:53:43'),(751,2,'“赤い彗星”と九谷焼がコラボ  「九谷焼 ガンダム 庄三風赤い彗星図」が予約開始','http://animeanime.jp/article/2016/11/27/31525.html','anime','2016-11-27 19:00:06.000','2016-11-29 23:52:44','2016-11-30 23:53:43'),(752,2,'「モンスト THE MOVIE」冒頭10分をノーカット配信 映画公開記念スペシャルも','http://animeanime.jp/article/2016/11/27/31524.html','anime','2016-11-27 17:00:06.000','2016-11-29 23:52:44','2016-11-30 23:53:43'),(753,2,'「デジモン tri.」第4章 17年2月25日より劇場上映 あらすじと場面カットを公開','http://animeanime.jp/article/2016/11/27/31523.html','anime','2016-11-27 15:00:07.000','2016-11-29 23:52:44','2016-11-30 23:53:43'),(754,2,'「一週間フレンズ。」場面写真公開 交換日記を選ぶ祐樹の姿','http://animeanime.jp/article/2016/11/27/31522.html','anime','2016-11-27 14:00:07.000','2016-11-29 23:52:44','2016-11-30 23:53:43'),(755,2,'「3月のライオン」から、川本家の晩ご飯を作ってみた！ アニメシ作ってみた第15回','http://animeanime.jp/article/2016/11/27/31521.html','anime','2016-11-27 13:00:07.000','2016-11-29 23:52:44','2016-11-30 23:53:43'),(756,2,'「覆面系ノイズ」第2弾キャスト発表 志尊淳と小関裕太が中条あやみと三角関係に','http://animeanime.jp/article/2016/11/27/31520.html','anime','2016-11-27 12:00:06.000','2016-11-29 23:52:44','2016-11-29 23:52:45'),(757,2,'「仮面ライダー 平成ジェネレーションズ」 レジェンドライダー登場の新ビジュアル&場面写真公開','http://animeanime.jp/article/2016/11/27/31519.html','anime','2016-11-27 11:27:16.000','2016-11-29 23:52:44','2016-11-29 23:52:45'),(758,2,'TVアニメ「ひなこのーと」「にゃんこデイズ」の新情報が続々 スタッフやキャストが明らかに','http://animeanime.jp/article/2016/11/27/31518.html','anime','2016-11-27 10:40:38.000','2016-11-29 23:52:44','2016-11-29 23:52:45'),(759,2,'「セイレン」新ヒロイン発表 キャストは黒木ほの香、下地紫野、沼倉愛美','http://animeanime.jp/article/2016/11/26/31517.html','anime','2016-11-26 22:00:06.000','2016-11-29 23:52:44','2016-11-29 23:52:45'),(760,2,'20年前の名作「幽☆遊☆白書」が1位に ［ビデオマーケット週間視聴ランキング］','http://animeanime.jp/article/2016/11/26/31516.html','anime','2016-11-26 21:00:06.000','2016-11-29 23:52:44','2016-11-29 23:52:45'),(761,2,'映画「仮面ライダー平成ジェネレーションズ」東映特撮ファンクラブで舞台挨拶を配信','http://animeanime.jp/article/2016/11/26/31515.html','anime','2016-11-26 20:00:07.000','2016-11-29 23:52:44','2016-11-29 23:52:45'),(762,2,'振り返れば声優がいる「日本俳優連合チャリティーイベント」あったかい手作りイベント','http://animeanime.jp/article/2016/11/26/31514.html','anime','2016-11-26 19:00:07.000','2016-11-29 23:52:44','2016-11-29 23:52:45'),(763,2,'「この世界の片隅に」片渕須直監督インタビュー この世界にすずさんの実在感を求めて','http://animeanime.jp/article/2016/11/26/31513.html','anime','2016-11-26 18:00:06.000','2016-11-29 23:52:44','2016-11-29 23:52:45'),(764,2,'「雪が降ると思い出すアニメは？」アンケート 〆切は11月28日まで','http://animeanime.jp/article/2016/11/26/31512.html','anime','2016-11-26 17:00:07.000','2016-11-29 23:52:44','2016-11-29 23:52:45'),(765,2,'「幼女戦記」スタッフ公開 追加キャストは早見沙織、三木眞一郎、大塚芳忠、玄田哲章','http://animeanime.jp/article/2016/11/26/31511.html','anime','2016-11-26 16:00:07.000','2016-11-29 23:52:44','2016-11-29 23:52:45'),(766,2,'黒崎真音×GRANRODEOなど夢のコラボ満載 「ANIMAX MUSIX 2016 YOKOHAMA 」レポート','http://animeanime.jp/article/2016/11/26/31510.html','anime','2016-11-26 15:00:07.000','2016-11-29 23:52:44','2016-11-29 23:52:45'),(767,2,'アニメ「チェインクロニクル」先行上映会 小岩井ことり、柳田淳一が登壇','http://animeanime.jp/article/2016/11/26/31509.html','anime','2016-11-26 14:00:07.000','2016-11-29 23:52:44','2016-11-29 23:52:45'),(768,2,'「フレームアームズ・ガール」がアニメ化決定 コトブキヤ発の美少女プラモデルシリーズ','http://animeanime.jp/article/2016/11/26/31508.html','anime','2016-11-26 13:00:04.000','2016-11-29 23:52:44','2016-11-29 23:52:45'),(769,2,'ルパン最新作「血煙の石川五ェ門」場面カット公開 「ガンダム0083」デンドロビウムが巨大食玩に：11月25日記事まとめ','http://animeanime.jp/article/2016/11/26/31507.html','anime','2016-11-26 12:00:07.000','2016-11-29 23:52:44','2016-11-29 23:52:45'),(770,2,'劇場版「黒執事」カンパニア号のバーラウンジが表参道に期間限定オープン','http://animeanime.jp/article/2016/11/26/31506.html','anime','2016-11-26 11:00:07.000','2016-11-29 23:52:44','2016-11-29 23:52:45'),(771,1,'【ガジェッツァン】Twitch新カード発表まとめ','http://hearthgamers.com/posts/20161129_twitch','Hearthstone','2016-11-29 03:04:27.000','2016-11-29 23:52:45','2016-11-30 23:53:43'),(772,1,'S32 レジェンド1位 Amnesiac トログ無しミッドレンジシャーマン','http://hearthgamers.com/decks/rank_match/id_2024','Hearthstone','2016-11-28 22:01:20.000','2016-11-29 23:52:45','2016-11-30 23:53:43'),(773,1,'S32 レジェンド2位 Ender ビーストドルイド','http://hearthgamers.com/decks/rank_match/id_2023','Hearthstone','2016-11-26 23:09:59.000','2016-11-29 23:52:45','2016-11-30 23:53:43'),(774,1,'大阪ハースストーンたまり場  #31【毎週水曜開催】','http://hearthgamers.com/event_notice/20160420','Hearthstone','2016-11-25 11:00:40.000','2016-11-29 23:52:45','2016-11-30 23:53:43'),(781,2,'「テイルズ オブ ゼスティリア ザ クロス」第2期は2017年1月放送 主題歌にMinami、FLOW','http://animeanime.jp/article/2016/11/30/31571.html','anime','2016-11-30 21:30:07.000','2016-11-30 23:53:32','2016-11-30 23:53:43'),(782,2,'「映画ドラえもん」イラストコンテスト、最優秀賞はパンフに掲載','http://animeanime.jp/article/2016/11/30/31570.html','anime','2016-11-30 20:30:08.000','2016-11-30 23:53:32','2016-11-30 23:53:43'),(783,2,'「雪が降ると思い出すアニメは？」 1位は『僕だけがいない街』','http://animeanime.jp/article/2016/11/30/31569.html','anime','2016-11-30 19:30:06.000','2016-11-30 23:53:32','2016-11-30 23:53:43'),(784,2,'「ALL OUT!!」嶺蔭学園高校のエース・残波琉人登場 キャストを当てるキャンペーン開催','http://animeanime.jp/article/2016/11/30/31568.html','anime','2016-11-30 19:00:07.000','2016-11-30 23:53:32','2016-11-30 23:53:43'),(785,2,'『ズートピア』英語学習ができる「ディズニーの英語」シリーズからコミック版発売','http://animeanime.jp/article/2016/11/30/31567.html','anime','2016-11-30 18:00:08.000','2016-11-30 23:53:32','2016-11-30 23:53:43'),(786,2,'2日間で販売可能な小説に仕上げる創作イベント 「SAO」「禁書目録」の三木一馬氏も参加','http://animeanime.jp/article/2016/11/30/31566.html','anime','2016-11-30 17:01:09.000','2016-11-30 23:53:32','2016-11-30 23:53:43'),(787,2,'「ダイヤのA」ラジオの放送決定 パーソナリティは逢坂良太と和田琢磨','http://animeanime.jp/article/2016/11/30/31565.html','anime','2016-11-30 16:00:07.000','2016-11-30 23:53:32','2016-11-30 23:53:43'),(788,2,'「ディズニー・アート展 いのちを吹き込む魔法」2017年開催 約450点の原画やスケッチを展示','http://animeanime.jp/article/2016/11/30/31564.html','anime','2016-11-30 15:00:07.000','2016-11-30 23:53:32','2016-11-30 23:53:43'),(789,2,'「消滅都市 FUTURE CONCERT」全ゲスト声優が発表 タクヤ役の杉田智和など11名','http://animeanime.jp/article/2016/11/30/31563.html','anime','2016-11-30 14:30:07.000','2016-11-30 23:53:32','2016-11-30 23:53:43'),(790,2,'「本郷猛/仮面ライダー1号」12月1日刊行 テレビマガジン創刊45周年企画','http://animeanime.jp/article/2016/11/30/31562.html','anime','2016-11-30 13:56:35.000','2016-11-30 23:53:32','2016-11-30 23:53:43'),(791,2,'「この素晴らしい世界に祝福を！」第2期放送を記念してキャスト集結 OPテーマを初披露','http://animeanime.jp/article/2016/11/30/31561.html','anime','2016-11-30 12:54:17.000','2016-11-30 23:53:32','2016-11-30 23:53:43'),(792,2,'「コードギアス」10周年記念イベントレポート「アニメ化してほしいゲーム」アンケート結果発表：11月29日記事まとめ','http://animeanime.jp/article/2016/11/30/31560.html','anime','2016-11-30 12:19:51.000','2016-11-30 23:53:32','2016-11-30 23:53:43'),(793,2,'「声優男子ですが…？」よみうりランドに声優が集結 イベントの模様をファミリー劇場で放送','http://animeanime.jp/article/2016/11/30/31559.html','anime','2016-11-30 11:07:31.000','2016-11-30 23:53:32','2016-11-30 23:53:43'),(794,2,'STUDIO4&#8451;新作「戦隊ヒーロー スキヤキフォース」群馬テレビで2017年より放送','http://animeanime.jp/article/2016/11/30/31558.html','anime','2016-11-30 10:00:07.000','2016-11-30 23:53:32','2016-11-30 23:53:43'),(795,2,'『名探偵コナン』劇場版最新作は「から紅の恋歌」 ビジュアルも公開','http://animeanime.jp/article/2016/11/30/31557.html','anime','2016-11-30 08:00:07.000','2016-11-30 23:53:32','2016-11-30 23:53:43'),(831,1,'アップデート パッチノート7.0.0まとめ','http://hearthgamers.com/patch_notes/patch-7-0-0','Hearthstone','2016-11-30 07:48:00.000','2016-11-30 23:53:33','2016-11-30 23:53:43'),(1441,2,'「若年層のアニメ制作者を応援する会」クラウドファンディング実施 認定NPO法人化を目指す','http://animeanime.jp/article/2016/12/06/31650.html','anime','2016-12-06 22:00:06.000','2016-12-06 22:46:24','2016-12-06 22:58:05'),(1442,2,'「劇場版 モンスト」からオラゴンがアニメ！アニメ！編集部にやってきた','http://animeanime.jp/article/2016/12/06/31649.html','anime','2016-12-06 21:00:07.000','2016-12-06 22:46:24','2016-12-06 22:58:05'),(1443,2,'「ソードアート・オンライン」Blu-ray BOXのジャケットデザインが公開 足立慎吾描き下ろし','http://animeanime.jp/article/2016/12/06/31648.html','anime','2016-12-06 20:05:53.000','2016-12-06 22:46:24','2016-12-06 22:58:05'),(1444,2,'「仮面ライダー平成ジェネレーションズ」肉弾アクションシーンを初公開','http://animeanime.jp/article/2016/12/06/31647.html','anime','2016-12-06 19:00:07.000','2016-12-06 22:46:24','2016-12-06 22:58:05'),(1445,2,'「おそ松さん」スマホ用キーボードアプリが登場 六つ子全員のリアルボイス収録','http://animeanime.jp/article/2016/12/06/31646.html','anime','2016-12-06 18:17:07.000','2016-12-06 22:46:24','2016-12-06 22:58:05'),(1446,2,'沢城みゆき、岸尾だいすけらが熱演 熊本県水俣市が「大人のラブストーリー」を公開','http://animeanime.jp/article/2016/12/06/31645.html','anime','2016-12-06 17:00:07.000','2016-12-06 22:46:24','2016-12-06 22:58:05'),(1447,2,'古川登志夫と柿沼紫乃がリアル夫婦キャスティング 「青山二丁目劇場」でラジオドラマを放送','http://animeanime.jp/article/2016/12/06/31644.html','anime','2016-12-06 16:00:00.000','2016-12-06 22:46:24','2016-12-06 22:58:05'),(1448,2,'【お知らせ】アニメ！アニメ！はLINEアカウントを開設しました！','http://animeanime.jp/article/2016/12/06/31643.html','anime','2016-12-06 15:29:36.000','2016-12-06 22:46:24','2016-12-06 22:58:05'),(1449,2,'舞台「弱ペダ」最新作が2017年春に上演へ メインキャストは一般公募で決定','http://animeanime.jp/article/2016/12/06/31642.html','anime','2016-12-06 14:13:45.000','2016-12-06 22:46:24','2016-12-06 22:58:05'),(1450,2,'「君の名は。」興行収入200億円突破 IMAX上映も決定','http://animeanime.jp/article/2016/12/06/31641.html','anime','2016-12-06 13:08:05.000','2016-12-06 22:46:24','2016-12-06 22:58:05'),(1451,2,'「この素晴らしい世界に祝福を！2」メインビジュアル公開　追加キャラクターも到着','http://animeanime.jp/article/2016/12/06/31640.html','anime','2016-12-06 12:42:18.000','2016-12-06 22:46:24','2016-12-06 22:58:05'),(1452,2,'「劇場版 黒子のバスケ」新ビジュアル公開「君の名は。」中国でも大ヒット：12月5日記事まとめ','http://animeanime.jp/article/2016/12/06/31639.html','anime','2016-12-06 12:00:07.000','2016-12-06 22:46:24','2016-12-06 22:58:05'),(1453,2,'「この世界の片隅に」興行収入4.5億円突破 観客動員数は32万人に','http://animeanime.jp/article/2016/12/06/31638.html','anime','2016-12-06 11:01:18.000','2016-12-06 22:46:24','2016-12-06 22:58:05'),(1454,2,'「劇場版 ソードアート・オンライン」神田沙也加が歌姫・ユナ役に 井上芳雄、鹿賀丈史も出演','http://animeanime.jp/article/2016/12/06/31637.html','anime','2016-12-06 10:30:07.000','2016-12-06 22:46:24','2016-12-06 22:58:05'),(1455,2,'福本伸行原作ドラマ「銀と金」”銀さん”役はリリー・フランキーに決定','http://animeanime.jp/article/2016/12/06/31636.html','anime','2016-12-06 09:46:48.000','2016-12-06 22:46:24','2016-12-06 22:58:05'),(1456,2,'実写版「銀魂」キャラビジュアルが初公開 小栗旬ら演じる万事屋の3人がお披露目','http://animeanime.jp/article/2016/12/06/31635.html','anime','2016-12-06 05:00:07.000','2016-12-06 22:46:24','2016-12-06 22:58:05'),(1457,2,'「刀剣乱舞-花丸-」再び1位、2位を独占 TSUTAYAアニメストア11月CDランキング','http://animeanime.jp/article/2016/12/05/31634.html','anime','2016-12-05 22:00:06.000','2016-12-06 22:46:24','2016-12-06 22:58:05'),(1458,2,'「聖闘士星矢」生誕30周年を記念したオフィシャルウォッチ 3,000点限定で発売','http://animeanime.jp/article/2016/12/05/31633.html','anime','2016-12-05 21:00:07.000','2016-12-06 22:46:24','2016-12-06 22:58:05'),(1459,2,'「ラブライブ！サンシャイン!!」が1位に TSUTAYAアニメストア11月映像ソフトランキング','http://animeanime.jp/article/2016/12/05/31632.html','anime','2016-12-05 20:00:07.000','2016-12-06 22:46:24','2016-12-06 22:58:05'),(1460,2,'TVアニメ「鬼平」由紀さおりが主題歌を担当、作曲は田中公平','http://animeanime.jp/article/2016/12/05/31631.html','anime','2016-12-05 19:00:08.000','2016-12-06 22:46:24','2016-12-06 22:58:05'),(1461,2,'「ウルトラヒーローズ in ナンジャタウン」12月16日より開催 魔王獣と戦うARアトラクションが登場','http://animeanime.jp/article/2016/12/05/31630.html','anime','2016-12-05 18:00:07.000','2016-12-06 22:46:24','2016-12-06 22:58:05'),(1462,2,'ついに来たっ…！『中間管理録トネガワ』と「プッチンプリン」悪魔的コラボ…！ヤングマガジンに掲載','http://animeanime.jp/article/2016/12/05/31629.html','anime','2016-12-05 17:00:07.000','2016-12-06 22:46:24','2016-12-06 22:58:05'),(1463,2,'TVアニメ「ホイッスル！」新キャストでリニューアル 12月17日から配信スタート','http://animeanime.jp/article/2016/12/05/31628.html','anime','2016-12-05 16:00:07.000','2016-12-06 22:46:24','2016-12-06 22:58:05'),(1464,2,'「ワンピース」沖縄のランニングイベントが2017年も開催 田中真弓ら出演のパーティも','http://animeanime.jp/article/2016/12/05/31627.html','anime','2016-12-05 15:00:07.000','2016-12-06 22:46:24','2016-12-06 22:58:05'),(1465,2,'「君の名は。」中国でも週末興行ランキング1位に ロサンゼルス映画批評家協会賞でも表彰','http://animeanime.jp/article/2016/12/05/31626.html','anime','2016-12-05 14:19:46.000','2016-12-06 22:46:24','2016-12-06 22:58:05'),(1466,2,'劇場版「チェインクロニクル」舞台挨拶にキャスト集結 見どころは「ゲームでは見えない部分」','http://animeanime.jp/article/2016/12/05/31625.html','anime','2016-12-05 13:11:59.000','2016-12-06 22:46:24','2016-12-06 22:58:05'),(1467,2,'「ドラゴンボール超」ヤムチャが主役に「映画クレヨンしんちゃん」新キャラに沢城みゆき：12月3～4日記事まとめ','http://animeanime.jp/article/2016/12/05/31624.html','anime','2016-12-05 12:30:06.000','2016-12-06 22:46:24','2016-12-06 22:58:05'),(1468,2,'TVアニメ「銀魂」新シリーズ EDテーマはRIZEの新曲「SILVER」','http://animeanime.jp/article/2016/12/05/31623.html','anime','2016-12-05 12:01:10.000','2016-12-06 22:46:24','2016-12-06 22:58:05'),(1469,2,'「劇場版 黒子のバスケ LAST GAME」新ビジュアル公開 キャスト陣も手応え','http://animeanime.jp/article/2016/12/05/31622.html','anime','2016-12-05 10:00:06.000','2016-12-06 22:46:24','2016-12-06 22:58:05'),(1470,2,'「【18】キミト ツナガル パズル」 テレビアニメ化決定 総監修に森本晃司','http://animeanime.jp/article/2016/12/05/31621.html','anime','2016-12-05 09:00:07.000','2016-12-06 22:46:24','2016-12-06 22:58:05'),(1471,2,'「エルドライブ【elDLIVE】」第2弾PV公開 新キャラ&主題歌も登場','http://animeanime.jp/article/2016/12/05/31620.html','anime','2016-12-05 00:30:17.000','2016-12-06 22:46:24','2016-12-06 22:58:05'),(1472,2,'「ひるね姫」芸歴28年の高木渉を起用 劇中では岡山弁も披露','http://animeanime.jp/article/2016/12/04/31619.html','anime','2016-12-04 21:00:07.000','2016-12-06 22:46:24','2016-12-06 22:58:05'),(1473,2,'「ポッピンQ」キャスト陣集結の最速上映イベント開催 終了後に謎の映像も公開','http://animeanime.jp/article/2016/12/04/31618.html','anime','2016-12-04 19:33:59.000','2016-12-06 22:46:24','2016-12-06 22:58:05'),(1474,2,'鈴木敏夫と石井朋彦が師弟対談 LINE LIVEにて12月6日配信','http://animeanime.jp/article/2016/12/04/31617.html','anime','2016-12-04 19:00:07.000','2016-12-06 22:46:24','2016-12-06 22:58:05'),(1475,2,'「映画クレヨンしんちゃん」沢城みゆきが新キャラ“シリリ”役に 「おしりを演じるのは初めて」','http://animeanime.jp/article/2016/12/04/31616.html','anime','2016-12-04 16:00:06.000','2016-12-06 22:46:24','2016-12-06 22:58:05'),(1476,2,'「僕のヒーローアカデミア」最新PV公開 第2期の新作カットが盛りだくさん','http://animeanime.jp/article/2016/12/04/31615.html','anime','2016-12-04 13:00:07.000','2016-12-06 22:46:24','2016-12-06 22:58:05'),(1477,2,'「ドラゴンボール超」ついにヤムチャが主役 野球回をオンエア','http://animeanime.jp/article/2016/12/04/31614.html','anime','2016-12-04 09:30:07.000','2016-12-06 22:46:24','2016-12-06 22:58:05'),(1478,2,'「ピアシェ～私のイタリアン～」2017年1月11日放送スタート PVやキービジュアル公開','http://animeanime.jp/article/2016/12/03/31613.html','anime','2016-12-03 21:00:07.000','2016-12-06 22:46:24','2016-12-06 22:58:05'),(1479,2,'「ソードアート・オンライン」池袋P’PARCOに期間限定ストアオープン','http://animeanime.jp/article/2016/12/03/31612.html','anime','2016-12-03 19:00:07.000','2016-12-06 22:46:24','2016-12-06 22:58:05'),(1480,2,'「幽☆遊☆白書」が2週連続1位に［ビデオマーケット週間視聴ランキング］','http://animeanime.jp/article/2016/12/03/31611.html','anime','2016-12-03 18:00:07.000','2016-12-06 22:46:24','2016-12-06 22:58:05'),(1481,2,'「魅力的なオネェキャラは？」アンケート、1位は『ONE PIECE』ボン・クレーに','http://animeanime.jp/article/2016/12/03/31610.html','anime','2016-12-03 17:00:07.000','2016-12-06 22:46:24','2016-12-06 22:58:05'),(1482,2,'「闇芝居」第4期 1月放送スタート 紙芝居屋のおじさん役に13人の俳優陣を起用','http://animeanime.jp/article/2016/12/03/31609.html','anime','2016-12-03 15:00:07.000','2016-12-06 22:46:24','2016-12-06 22:58:05'),(1483,2,'「血界戦線」第2期決定「鋼の錬金術師」マスタング大佐の衣装を東京コミコンで公開：12月2日記事まとめ','http://animeanime.jp/article/2016/12/03/31608.html','anime','2016-12-03 13:00:07.000','2016-12-06 22:46:24','2016-12-06 22:58:05'),(1484,2,'「弱虫ペダル」第3期先行上映会の開催決定 山下大輝ら新生チーム総北が集結','http://animeanime.jp/article/2016/12/03/31607.html','anime','2016-12-03 12:00:06.000','2016-12-06 22:46:24','2016-12-06 22:58:05'),(1485,2,'セガの人気スマホRPGがアニメ化 今週注目の映画: 「チェインクロニクル ヘクセイタスの閃 第1章」','http://animeanime.jp/article/2016/12/03/31606.html','anime','2016-12-03 11:00:06.000','2016-12-06 22:46:24','2016-12-06 22:58:05'),(1486,2,'「2.5次元フェス（仮）完全密着ガイド」放送決定 1月にBSスカパー! と日テレプラスにて','http://animeanime.jp/article/2016/12/03/31605.html','anime','2016-12-03 10:00:14.000','2016-12-06 22:46:24','2016-12-06 22:58:05'),(1487,2,'「超次元ゲイム ネプテューヌ」Blu-ray BOXが発売決定 店舗特典も一挙公開','http://animeanime.jp/article/2016/12/02/31604.html','anime','2016-12-02 21:00:06.000','2016-12-06 22:46:24','2016-12-06 22:58:05'),(1488,2,'「ヤマトリビアの沼」第2回 羽原信義が『2199』現場の熱気語る','http://animeanime.jp/article/2016/12/02/31603.html','anime','2016-12-02 20:00:07.000','2016-12-06 22:46:24','2016-12-06 22:58:05'),(1489,2,'アニメファンが観たい映画は？ 12月公開の映画一覧まとめ','http://animeanime.jp/article/2016/12/02/31602.html','anime','2016-12-02 19:00:07.000','2016-12-06 22:46:24','2016-12-06 22:58:05'),(1490,2,'映画「この世界の片隅に」で描かれたすずの右手と世界の繋がり 藤津亮太のアニメの門V 第17回','http://animeanime.jp/article/2016/12/02/31601.html','anime','2016-12-02 18:32:53.000','2016-12-06 22:46:24','2016-12-06 22:58:05'),(1541,1,'【スタンダード対応】翡翠ドルイド デッキ解説','http://hearthgamers.com/decks/meta_deck/jade_druid_org','Hearthstone','2016-12-06 12:08:12.000','2016-12-06 22:46:25','2016-12-06 22:58:06'),(1542,1,'【スタンダード対応】翡翠ミッドレンジシャーマン デッキ解説','http://hearthgamers.com/decks/meta_deck/jade_shaman_org','Hearthstone','2016-12-06 11:52:37.000','2016-12-06 22:46:25','2016-12-06 22:58:06'),(1543,1,'【スタンダード対応】レノプリーストデッキ解説','http://hearthgamers.com/decks/meta_deck/reno_priest_org','Hearthstone','2016-12-06 11:39:45.000','2016-12-06 22:46:25','2016-12-06 22:58:06'),(1544,1,'S33 レジェンド1位 Savjz レノロック','http://hearthgamers.com/decks/rank_match/id_2039','Hearthstone','2016-12-06 02:58:24.000','2016-12-06 22:46:25','2016-12-06 22:58:06'),(1545,1,'S33 レジェンド1位 Demigod 海賊翡翠シャーマン','http://hearthgamers.com/decks/rank_match/id_2036','Hearthstone','2016-12-05 19:07:19.000','2016-12-06 22:46:25','2016-12-06 22:58:06'),(1546,1,'第11回ハースゲーマーズカップ 優勝者・準優勝のデッキリスト＆優勝者インタビューを公開','http://hearthgamers.com/decks/championship/id_2032','Hearthstone','2016-12-05 17:54:19.000','2016-12-06 22:46:25','2016-12-06 22:58:06'),(1547,1,'S33 レジェンド2位 Dog レノメイジ','http://hearthgamers.com/decks/rank_match/id_2029','Hearthstone','2016-12-05 13:14:12.000','2016-12-06 22:46:25','2016-12-06 22:58:06'),(1548,1,'S33 レジェンド1位 Savjz レノドラゴンプリースト','http://hearthgamers.com/decks/rank_match/id_2031','Hearthstone','2016-12-05 11:25:55.000','2016-12-06 22:46:25','2016-12-06 22:58:06'),(1549,1,'S33 レジェンド3位 Hotform レノドラゴンプリースト','http://hearthgamers.com/decks/rank_match/id_2030','Hearthstone','2016-12-05 00:16:02.000','2016-12-06 22:46:25','2016-12-06 22:58:06'),(1550,1,'《 上級回復ポーション | Greater Healing Potion 》','http://hearthgamers.com/cards/greater-healing-potion','Hearthstone','2016-12-04 23:35:16.000','2016-12-06 22:46:25','2016-12-06 22:58:06');
/*!40000 ALTER TABLE `feed` ENABLE KEYS */;
UNLOCK TABLES;

--
-- Table structure for table `rss`
--

DROP TABLE IF EXISTS `rss`;
/*!40101 SET @saved_cs_client     = @@character_set_client */;
/*!40101 SET character_set_client = utf8 */;
CREATE TABLE `rss` (
  `id` int(11) NOT NULL AUTO_INCREMENT,
  `rss_category_id` int(11) NOT NULL,
  `name` varchar(45) DEFAULT NULL,
  `url` varchar(255) NOT NULL,
  PRIMARY KEY (`id`),
  KEY `rss_category_id_idx` (`rss_category_id`)
) ENGINE=InnoDB AUTO_INCREMENT=3 DEFAULT CHARSET=utf8;
/*!40101 SET character_set_client = @saved_cs_client */;

--
-- Dumping data for table `rss`
--

LOCK TABLES `rss` WRITE;
/*!40000 ALTER TABLE `rss` DISABLE KEYS */;
INSERT INTO `rss` VALUES (1,1,'HEARTH GAMERS','http://hearthgamers.com/feed'),(2,5,'アニメ！アニメ！','http://animeanime.jp/rss/index.rdf');
/*!40000 ALTER TABLE `rss` ENABLE KEYS */;
UNLOCK TABLES;

--
-- Table structure for table `rss_category`
--

DROP TABLE IF EXISTS `rss_category`;
/*!40101 SET @saved_cs_client     = @@character_set_client */;
/*!40101 SET character_set_client = utf8 */;
CREATE TABLE `rss_category` (
  `id` int(11) NOT NULL AUTO_INCREMENT,
  `name` varchar(45) NOT NULL,
  PRIMARY KEY (`id`)
) ENGINE=InnoDB AUTO_INCREMENT=7 DEFAULT CHARSET=utf8;
/*!40101 SET character_set_client = @saved_cs_client */;

--
-- Dumping data for table `rss_category`
--

LOCK TABLES `rss_category` WRITE;
/*!40000 ALTER TABLE `rss_category` DISABLE KEYS */;
INSERT INTO `rss_category` VALUES (1,'Hearthstone'),(2,'AIKATHU!'),(3,'technology'),(4,'etc'),(5,'anime'),(6,'game');
/*!40000 ALTER TABLE `rss_category` ENABLE KEYS */;
UNLOCK TABLES;

--
-- Table structure for table `test`
--

DROP TABLE IF EXISTS `test`;
/*!40101 SET @saved_cs_client     = @@character_set_client */;
/*!40101 SET character_set_client = utf8 */;
CREATE TABLE `test` (
  `id` int(11) DEFAULT NULL,
  `name` varchar(20) DEFAULT NULL
) ENGINE=InnoDB DEFAULT CHARSET=utf8;
/*!40101 SET character_set_client = @saved_cs_client */;

--
-- Dumping data for table `test`
--

LOCK TABLES `test` WRITE;
/*!40000 ALTER TABLE `test` DISABLE KEYS */;
INSERT INTO `test` VALUES (1,'homura'),(NULL,'madoka'),(NULL,'remu'),(NULL,'remu'),(NULL,'remu'),(NULL,'muri'),(NULL,'muri');
/*!40000 ALTER TABLE `test` ENABLE KEYS */;
UNLOCK TABLES;
/*!40103 SET TIME_ZONE=@OLD_TIME_ZONE */;

/*!40101 SET SQL_MODE=@OLD_SQL_MODE */;
/*!40014 SET FOREIGN_KEY_CHECKS=@OLD_FOREIGN_KEY_CHECKS */;
/*!40014 SET UNIQUE_CHECKS=@OLD_UNIQUE_CHECKS */;
/*!40101 SET CHARACTER_SET_CLIENT=@OLD_CHARACTER_SET_CLIENT */;
/*!40101 SET CHARACTER_SET_RESULTS=@OLD_CHARACTER_SET_RESULTS */;
/*!40101 SET COLLATION_CONNECTION=@OLD_COLLATION_CONNECTION */;
/*!40111 SET SQL_NOTES=@OLD_SQL_NOTES */;

-- Dump completed on 2016-12-17 16:47:53
